"id","title","source","jurisdiction","status","changes","last_seen","url"
"us-fda-animal-recalls/2026-09-08-db4bc500","Vet Plus, Inc.: FI","us-fda-animal-recalls","US","listed","1","2026-09-08 20:19:14","https://pawmultiverse.com/r/us/us-fda-animal-recalls/2026-09-08-db4bc500/"
"ca-recalls-pet/22524","Various Diamond Pet Food Products","ca-recalls-pet","CA","listed","1","2026-09-07 08:51:49","https://pawmultiverse.com/r/ca/ca-recalls-pet/22524/"
"ca-recalls-pet/22416","Kirkland Signature Dry Pet Food and Nature's Domain Dry Pet Food","ca-recalls-pet","CA","listed","1","2026-09-07 08:51:49","https://pawmultiverse.com/r/ca/ca-recalls-pet/22416/"
"ca-recalls-pet/22410","Dick Van Patten's Natural Balance Pet Foods, Inc.","ca-recalls-pet","CA","listed","1","2026-09-07 08:51:49","https://pawmultiverse.com/r/ca/ca-recalls-pet/22410/"
"ca-recalls-pet/49128","Dry pet food manufactured by Natura Pet Products Inc.","ca-recalls-pet","CA","listed","1","2026-09-07 08:51:49","https://pawmultiverse.com/r/ca/ca-recalls-pet/49128/"
"ca-recalls-pet/49246","Expanded recall: Dry pet food manufactured by Natura Pet Products, Inc.","ca-recalls-pet","CA","listed","1","2026-09-07 08:51:49","https://pawmultiverse.com/r/ca/ca-recalls-pet/49246/"
"ca-recalls-pet/50037","Expanded recall: Various dry pet food products and treats manufactured by Natura Pet Products, Inc.","ca-recalls-pet","CA","listed","1","2026-09-07 08:51:49","https://pawmultiverse.com/r/ca/ca-recalls-pet/50037/"
"ca-recalls-pet/50166","Your True Companion Pet Products Recalls True Raw Choice Bulk Dehydrated Natural Pet Treats","ca-recalls-pet","CA","listed","1","2026-09-07 08:51:49","https://pawmultiverse.com/r/ca/ca-recalls-pet/50166/"
"ca-recalls-pet/53631","Nature's Variety recalls Instinct® Raw Chicken Formula for Dogs","ca-recalls-pet","CA","listed","1","2026-09-07 08:51:49","https://pawmultiverse.com/r/ca/ca-recalls-pet/53631/"
"ca-recalls-pet/54189","Stella &#038; Chewy's® recalls Stella's Super Beef Frozen Dinner Morsels for Dogs","ca-recalls-pet","CA","listed","1","2026-09-07 08:51:49","https://pawmultiverse.com/r/ca/ca-recalls-pet/54189/"
"ca-recalls-pet/55227","Radagast Pet Food, Inc. recalls Rad Cat Raw Diet®","ca-recalls-pet","CA","listed","1","2026-09-07 08:51:49","https://pawmultiverse.com/r/ca/ca-recalls-pet/55227/"
"ca-recalls-pet/56943","Euro-Can Manufacturing Inc. recalls bulk and prepackaged Junglemax and Selection brand pig ears sold as dog treats","ca-recalls-pet","CA","listed","1","2026-09-07 08:51:49","https://pawmultiverse.com/r/ca/ca-recalls-pet/56943/"
"ca-recalls-pet/58185","Radagast Pet Food Inc. recalls Rad Cat Raw Diet Free-Range Pet Food","ca-recalls-pet","CA","listed","1","2026-09-07 08:51:49","https://pawmultiverse.com/r/ca/ca-recalls-pet/58185/"
"ca-recalls-pet/58171","K9 Natural Ltd recalls K9 Natural Frozen Chicken Feast Raw Pet Food 11lb bags","ca-recalls-pet","CA","listed","1","2026-09-07 08:51:49","https://pawmultiverse.com/r/ca/ca-recalls-pet/58171/"
"ca-recalls-pet/58383","Radagast Pet Food, Inc. recalls various Rad Cat Raw Diet Pet Food","ca-recalls-pet","CA","listed","1","2026-09-07 08:51:49","https://pawmultiverse.com/r/ca/ca-recalls-pet/58383/"
"ca-recalls-pet/61367","Carnivora Fresh Frozen Patties for Dogs and Cats recalled due to E.coli contamination","ca-recalls-pet","CA","listed","1","2026-09-07 08:51:49","https://pawmultiverse.com/r/ca/ca-recalls-pet/61367/"
"uk-fsa-pet-alerts/FSA-PRIN-55-2021-update-1","Monkfield Nutrition extends recall to all batches of frozen Feeder Mice products for feeding reptiles because of the presence of Salmonella","uk-fsa-pet-alerts","GB","listed","1","2026-09-07 08:43:18","https://pawmultiverse.com/r/gb/uk-fsa-pet-alerts/FSA-PRIN-55-2021-update-1/"
"uk-fsa-pet-alerts/FSA-PRIN-55-2021","Monkfield Nutrition recalls frozen Feeder Mice products for feeding reptiles because of the presence of Salmonella","uk-fsa-pet-alerts","GB","listed","1","2026-09-07 08:43:18","https://pawmultiverse.com/r/gb/uk-fsa-pet-alerts/FSA-PRIN-55-2021/"
"uk-fsa-pet-alerts/FSA-PRIN-17-2022","Republic of Munchery Ltd recalls pet feed because of the presence of salmonella","uk-fsa-pet-alerts","GB","listed","1","2026-09-07 08:43:18","https://pawmultiverse.com/r/gb/uk-fsa-pet-alerts/FSA-PRIN-17-2022/"
"uk-fsa-pet-alerts/FSA-PRIN-15-2022","Sneyd’s Wonderfeeds Ltd recalls pet feed because of the presence of salmonella","uk-fsa-pet-alerts","GB","listed","1","2026-09-07 08:43:18","https://pawmultiverse.com/r/gb/uk-fsa-pet-alerts/FSA-PRIN-15-2022/"
"uk-fsa-pet-alerts/FSA-PRIN-13-2023","Lily’s Kitchen recalls Fishy Fish Pie and Chicken and Turkey Casserole because they may contain pieces of plastic","uk-fsa-pet-alerts","GB","listed","1","2026-09-07 08:43:18","https://pawmultiverse.com/r/gb/uk-fsa-pet-alerts/FSA-PRIN-13-2023/"
"fr-rappelconso-animal/2026-06-0147","Multifit adult jelly lapin et canard (Multifit)","fr-rappelconso-animal","FR","listed","1","2026-09-07 08:21:24","https://pawmultiverse.com/r/fr/fr-rappelconso-animal/2026-06-0147/"
"fr-rappelconso-animal/2026-06-0129","Emincés en gelée poulet dinde 405g anima plus (Anima Plus)","fr-rappelconso-animal","FR","listed","1","2026-09-07 08:21:24","https://pawmultiverse.com/r/fr/fr-rappelconso-animal/2026-06-0129/"
"fr-rappelconso-animal/2026-05-0107","Barf complete (Aniforte)","fr-rappelconso-animal","FR","listed","1","2026-09-07 08:21:24","https://pawmultiverse.com/r/fr/fr-rappelconso-animal/2026-05-0107/"
"fr-rappelconso-animal/2026-04-0292","Peau de saumon 100gr (Good)","fr-rappelconso-animal","FR","listed","1","2026-09-07 08:21:24","https://pawmultiverse.com/r/fr/fr-rappelconso-animal/2026-04-0292/"
"fr-rappelconso-animal/2026-01-0139","Dog snacks pour chien assortis 400g/500g (Dog)","fr-rappelconso-animal","FR","listed","1","2026-09-07 08:21:24","https://pawmultiverse.com/r/fr/fr-rappelconso-animal/2026-01-0139/"
"fr-rappelconso-animal/2026-01-0053","Serrapeptase (Remède Naturel)","fr-rappelconso-animal","FR","listed","1","2026-09-07 08:21:24","https://pawmultiverse.com/r/fr/fr-rappelconso-animal/2026-01-0053/"
"fr-rappelconso-animal/2025-12-0130","Pure snack peau de bœuf 250g (Happy Dog)","fr-rappelconso-animal","FR","listed","1","2026-09-07 08:21:24","https://pawmultiverse.com/r/fr/fr-rappelconso-animal/2025-12-0130/"
"fr-rappelconso-animal/2025-12-0016","Dog snacks pour chien assortis 400g/500g (Dog)","fr-rappelconso-animal","FR","listed","1","2026-09-07 08:21:24","https://pawmultiverse.com/r/fr/fr-rappelconso-animal/2025-12-0016/"
"fr-rappelconso-animal/2025-11-0250","Andouille de vire tressée à la main (Andouille De Vire Maison Guery)","fr-rappelconso-animal","FR","listed","1","2026-09-07 08:21:24","https://pawmultiverse.com/r/fr/fr-rappelconso-animal/2025-11-0250/"
"fr-rappelconso-animal/2025-08-0096","Fougatreat naturelle 3 kg fraise figue pissenlit-luzerne (Decathlon / Fouganza)","fr-rappelconso-animal","FR","listed","1","2026-09-07 08:21:24","https://pawmultiverse.com/r/fr/fr-rappelconso-animal/2025-08-0096/"
"fr-rappelconso-animal/2025-08-0095","Fougatreat naturelle 1kg pissenlit luzerne (Decathlon / Fouganza)","fr-rappelconso-animal","FR","listed","1","2026-09-07 08:21:24","https://pawmultiverse.com/r/fr/fr-rappelconso-animal/2025-08-0095/"
"fr-rappelconso-animal/2025-06-0062","Premiere meat menu adult rind mit reh (Premiere)","fr-rappelconso-animal","FR","listed","1","2026-09-07 08:21:24","https://pawmultiverse.com/r/fr/fr-rappelconso-animal/2025-06-0062/"
"fr-rappelconso-animal/2025-05-0158","Oreilles de porc par 10 – réf. 84108, lot 3887338894 (Kerbl Pet)","fr-rappelconso-animal","FR","listed","1","2026-09-07 08:21:24","https://pawmultiverse.com/r/fr/fr-rappelconso-animal/2025-05-0158/"
"fr-rappelconso-animal/2025-05-0157","Cous de poulet 200g – réf. 84110, lot 38945 (Kerbl Pet)","fr-rappelconso-animal","FR","listed","1","2026-09-07 08:21:24","https://pawmultiverse.com/r/fr/fr-rappelconso-animal/2025-05-0157/"
"fr-rappelconso-animal/2025-03-0120","L'animale 5% (Le Petit Botaniste)","fr-rappelconso-animal","FR","listed","1","2026-09-07 08:21:24","https://pawmultiverse.com/r/fr/fr-rappelconso-animal/2025-03-0120/"
"fr-rappelconso-animal/2025-03-0077","Dogteur huile cbd (Dogteur Huile Cbd)","fr-rappelconso-animal","FR","listed","1","2026-09-07 08:21:24","https://pawmultiverse.com/r/fr/fr-rappelconso-animal/2025-03-0077/"
"fr-rappelconso-animal/2025-01-0191","Os à mâcher (Barkoo)","fr-rappelconso-animal","FR","listed","1","2026-09-07 08:21:24","https://pawmultiverse.com/r/fr/fr-rappelconso-animal/2025-01-0191/"
"fr-rappelconso-animal/2025-01-0077","Croquettes chien (Pw)","fr-rappelconso-animal","FR","listed","1","2026-09-07 08:21:24","https://pawmultiverse.com/r/fr/fr-rappelconso-animal/2025-01-0077/"
"fr-rappelconso-animal/2025-01-0107","Premiere bonies wild 200 g (Premiere)","fr-rappelconso-animal","FR","listed","1","2026-09-07 08:21:24","https://pawmultiverse.com/r/fr/fr-rappelconso-animal/2025-01-0107/"
"fr-rappelconso-animal/2025-01-0076","Premiere best meat light poulet 12,5 kg (Premiere)","fr-rappelconso-animal","FR","listed","1","2026-09-07 08:21:24","https://pawmultiverse.com/r/fr/fr-rappelconso-animal/2025-01-0076/"
"fr-rappelconso-animal/2025-01-0075","Premiere senior 2 kg (Premiere)","fr-rappelconso-animal","FR","listed","1","2026-09-07 08:21:24","https://pawmultiverse.com/r/fr/fr-rappelconso-animal/2025-01-0075/"
"fr-rappelconso-animal/2025-01-0064","Croquettes pour chien au boeuf 15kg - elwin (Elwin)","fr-rappelconso-animal","FR","listed","1","2026-09-07 08:21:24","https://pawmultiverse.com/r/fr/fr-rappelconso-animal/2025-01-0064/"
"fr-rappelconso-animal/2025-01-0063","Croquettes pour chien adulte performance 15 kg (Mac Brothers)","fr-rappelconso-animal","FR","listed","1","2026-09-07 08:21:24","https://pawmultiverse.com/r/fr/fr-rappelconso-animal/2025-01-0063/"
"fr-rappelconso-animal/2025-01-0062","Croquettes pour chien au boeuf crockies - 20kg (Crockies)","fr-rappelconso-animal","FR","listed","1","2026-09-07 08:21:24","https://pawmultiverse.com/r/fr/fr-rappelconso-animal/2025-01-0062/"
"fr-rappelconso-animal/2024-12-0168","Croquette pour chien grand chien (Netto)","fr-rappelconso-animal","FR","listed","1","2026-09-07 08:21:24","https://pawmultiverse.com/r/fr/fr-rappelconso-animal/2024-12-0168/"
"fr-rappelconso-animal/2024-12-0172","Croquettes chien senior (Netto)","fr-rappelconso-animal","FR","listed","1","2026-09-07 08:21:24","https://pawmultiverse.com/r/fr/fr-rappelconso-animal/2024-12-0172/"
"fr-rappelconso-animal/2024-12-0182","Croquettes pour chat saumon et legumes (Netto)","fr-rappelconso-animal","FR","listed","1","2026-09-07 08:21:24","https://pawmultiverse.com/r/fr/fr-rappelconso-animal/2024-12-0182/"
"fr-rappelconso-animal/2024-12-0170","Croquettes pour chaton (Canaillou)","fr-rappelconso-animal","FR","listed","1","2026-09-07 08:21:24","https://pawmultiverse.com/r/fr/fr-rappelconso-animal/2024-12-0170/"
"fr-rappelconso-animal/2024-12-0176","Croquettes pour chat sans cereales (Canaillou)","fr-rappelconso-animal","FR","listed","1","2026-09-07 08:21:24","https://pawmultiverse.com/r/fr/fr-rappelconso-animal/2024-12-0176/"
"fr-rappelconso-animal/2025-01-0059","Croquettes pour chien au boeuf 15kg - elwin (Elwin)","fr-rappelconso-animal","FR","listed","1","2026-09-07 08:21:24","https://pawmultiverse.com/r/fr/fr-rappelconso-animal/2025-01-0059/"
"fr-rappelconso-animal/2025-01-0058","Croc cat 4kg (Mag Life)","fr-rappelconso-animal","FR","listed","1","2026-09-07 08:21:24","https://pawmultiverse.com/r/fr/fr-rappelconso-animal/2025-01-0058/"
"fr-rappelconso-animal/2024-12-0230","Energie 30/16 20kg (Energie 30/16)","fr-rappelconso-animal","FR","listed","1","2026-09-07 08:21:24","https://pawmultiverse.com/r/fr/fr-rappelconso-animal/2024-12-0230/"
"fr-rappelconso-animal/2024-12-0211","Multi-croquettes (Orlando)","fr-rappelconso-animal","FR","listed","1","2026-09-07 08:21:24","https://pawmultiverse.com/r/fr/fr-rappelconso-animal/2024-12-0211/"
"fr-rappelconso-animal/2024-12-0180","Croquettes pour chat (Canaillou)","fr-rappelconso-animal","FR","listed","1","2026-09-07 08:21:24","https://pawmultiverse.com/r/fr/fr-rappelconso-animal/2024-12-0180/"
"fr-rappelconso-animal/2024-12-0174","Croquette chien senior (Canaillou)","fr-rappelconso-animal","FR","listed","1","2026-09-07 08:21:24","https://pawmultiverse.com/r/fr/fr-rappelconso-animal/2024-12-0174/"
"fr-rappelconso-animal/2024-12-0178","Croquette chien pro mini adulte (Canaillou)","fr-rappelconso-animal","FR","listed","1","2026-09-07 08:21:24","https://pawmultiverse.com/r/fr/fr-rappelconso-animal/2024-12-0178/"
"fr-rappelconso-animal/2024-12-0204","Croquette chien grand chien (Canaillou)","fr-rappelconso-animal","FR","listed","1","2026-09-07 08:21:24","https://pawmultiverse.com/r/fr/fr-rappelconso-animal/2024-12-0204/"
"fr-rappelconso-animal/2024-12-0188","Croquette chien (Canaillou)","fr-rappelconso-animal","FR","listed","1","2026-09-07 08:21:24","https://pawmultiverse.com/r/fr/fr-rappelconso-animal/2024-12-0188/"
"fr-rappelconso-animal/2024-12-0190","Croquettes pour chat (Canaillou)","fr-rappelconso-animal","FR","listed","1","2026-09-07 08:21:24","https://pawmultiverse.com/r/fr/fr-rappelconso-animal/2024-12-0190/"
"fr-rappelconso-animal/2024-12-0184","Croquettes pour chat (Top Budget)","fr-rappelconso-animal","FR","listed","1","2026-09-07 08:21:24","https://pawmultiverse.com/r/fr/fr-rappelconso-animal/2024-12-0184/"
"fr-rappelconso-animal/2024-12-0186","Croquette chien croc tendres (Canaillou)","fr-rappelconso-animal","FR","listed","1","2026-09-07 08:21:24","https://pawmultiverse.com/r/fr/fr-rappelconso-animal/2024-12-0186/"
"fr-rappelconso-animal/2024-12-0193","Croquettes protein boost au poulet (Ultra Premium Direct)","fr-rappelconso-animal","FR","listed","1","2026-09-07 08:21:24","https://pawmultiverse.com/r/fr/fr-rappelconso-animal/2024-12-0193/"
"fr-rappelconso-animal/2024-12-0153","Croquettes riches en viandes pour chien adulte 10 kg et 20 kg (Cora)","fr-rappelconso-animal","FR","listed","1","2026-09-07 08:21:24","https://pawmultiverse.com/r/fr/fr-rappelconso-animal/2024-12-0153/"
"fr-rappelconso-animal/2024-12-0152","Croquettes chat thon saumon adulte 4kg (Cora)","fr-rappelconso-animal","FR","listed","1","2026-09-07 08:21:24","https://pawmultiverse.com/r/fr/fr-rappelconso-animal/2024-12-0152/"
"fr-rappelconso-animal/2024-12-0165","Aliment complet (croquettes) pour chat sterilise (Plenima)","fr-rappelconso-animal","FR","listed","1","2026-09-07 08:21:24","https://pawmultiverse.com/r/fr/fr-rappelconso-animal/2024-12-0165/"
"fr-rappelconso-animal/2024-12-0164","Bouchees moelleuses special petits chiens (Tous Mes Amis)","fr-rappelconso-animal","FR","listed","1","2026-09-07 08:21:24","https://pawmultiverse.com/r/fr/fr-rappelconso-animal/2024-12-0164/"
"fr-rappelconso-animal/2024-12-0158","Gamme croquettes chiens companino vitalive (Companino Vitalive)","fr-rappelconso-animal","FR","listed","1","2026-09-07 08:21:24","https://pawmultiverse.com/r/fr/fr-rappelconso-animal/2024-12-0158/"
"fr-rappelconso-animal/2024-12-0157","Gamme croquettes chiens companino vitalive (Companino Vitalive)","fr-rappelconso-animal","FR","listed","1","2026-09-07 08:21:24","https://pawmultiverse.com/r/fr/fr-rappelconso-animal/2024-12-0157/"
"fr-rappelconso-animal/2024-12-0156","Gamme croquettes chats companino vitalive (Companino Vitalive)","fr-rappelconso-animal","FR","listed","1","2026-09-07 08:21:24","https://pawmultiverse.com/r/fr/fr-rappelconso-animal/2024-12-0156/"
"fr-rappelconso-animal/2024-12-0155","Gamme croquettes chiens et chats companino expert (Companino Expert)","fr-rappelconso-animal","FR","listed","1","2026-09-07 08:21:24","https://pawmultiverse.com/r/fr/fr-rappelconso-animal/2024-12-0155/"
"fr-rappelconso-animal/2024-12-0154","Gamme croquettes chiens et chats premiers prix (Premiers Prix (Pp Blanc))","fr-rappelconso-animal","FR","listed","1","2026-09-07 08:21:24","https://pawmultiverse.com/r/fr/fr-rappelconso-animal/2024-12-0154/"
"fr-rappelconso-animal/2024-11-0099","Pondeuse regal ve (Regal)","fr-rappelconso-animal","FR","listed","1","2026-09-07 08:21:24","https://pawmultiverse.com/r/fr/fr-rappelconso-animal/2024-11-0099/"
"fr-rappelconso-animal/2024-11-0098","Pondeuse regal ve (Regal)","fr-rappelconso-animal","FR","listed","1","2026-09-07 08:21:24","https://pawmultiverse.com/r/fr/fr-rappelconso-animal/2024-11-0098/"
"fr-rappelconso-animal/2024-10-0349","Mix rongeur (Vital Scart)","fr-rappelconso-animal","FR","listed","1","2026-09-07 08:21:24","https://pawmultiverse.com/r/fr/fr-rappelconso-animal/2024-10-0349/"
"fr-rappelconso-animal/2024-10-0222","Dr. bassleer biofish food matrine (Biofish Food)","fr-rappelconso-animal","FR","listed","1","2026-09-07 08:21:24","https://pawmultiverse.com/r/fr/fr-rappelconso-animal/2024-10-0222/"
"fr-rappelconso-animal/2024-10-0024","Pondeuse complementaire basse cour (Sanders)","fr-rappelconso-animal","FR","listed","1","2026-09-07 08:21:24","https://pawmultiverse.com/r/fr/fr-rappelconso-animal/2024-10-0024/"
"fr-rappelconso-animal/2024-08-0233","Chien poulet gourmand 300g et 400g (Pepette)","fr-rappelconso-animal","FR","listed","1","2026-09-07 08:21:24","https://pawmultiverse.com/r/fr/fr-rappelconso-animal/2024-08-0233/"
"fr-rappelconso-animal/2024-08-0060","Rouleaux à base de viande de poulet boeuf et dinde (Elmut Pet Food)","fr-rappelconso-animal","FR","listed","1","2026-09-07 08:21:24","https://pawmultiverse.com/r/fr/fr-rappelconso-animal/2024-08-0060/"
"fr-rappelconso-animal/2024-05-0193","Expert + chat stérilisé - croquettes riches en poulet 1.5kg (Carrefour Expert+)","fr-rappelconso-animal","FR","listed","1","2026-09-07 08:21:24","https://pawmultiverse.com/r/fr/fr-rappelconso-animal/2024-05-0193/"
"fr-rappelconso-animal/2024-05-0061","Kangourou haché (Paex)","fr-rappelconso-animal","FR","listed","1","2026-09-07 08:21:24","https://pawmultiverse.com/r/fr/fr-rappelconso-animal/2024-05-0061/"
"fr-rappelconso-animal/2024-02-0181","Croquettes pro mini senior 1.5kg - riche en poulet et en riz (Canaillou)","fr-rappelconso-animal","FR","listed","1","2026-09-07 08:21:24","https://pawmultiverse.com/r/fr/fr-rappelconso-animal/2024-02-0181/"
"fr-rappelconso-animal/2024-02-0028","Panis rouge (Grizo)","fr-rappelconso-animal","FR","listed","1","2026-09-07 08:21:24","https://pawmultiverse.com/r/fr/fr-rappelconso-animal/2024-02-0028/"
"fr-rappelconso-animal/2024-01-0227","Produits à mâcher en bois de cerf pour chien","fr-rappelconso-animal","FR","listed","1","2026-09-07 08:21:24","https://pawmultiverse.com/r/fr/fr-rappelconso-animal/2024-01-0227/"
"fr-rappelconso-animal/2024-01-0113","Huile chanvre saumon (Deli Hemp)","fr-rappelconso-animal","FR","listed","1","2026-09-07 08:21:24","https://pawmultiverse.com/r/fr/fr-rappelconso-animal/2024-01-0113/"
"fr-rappelconso-animal/2024-01-0107","Spray saumon cbd animaux (Deli Hemp)","fr-rappelconso-animal","FR","listed","1","2026-09-07 08:21:24","https://pawmultiverse.com/r/fr/fr-rappelconso-animal/2024-01-0107/"
"fr-rappelconso-animal/2024-01-0106","Huiles cbd/chanvre animaux (Deli Hemp)","fr-rappelconso-animal","FR","listed","1","2026-09-07 08:21:24","https://pawmultiverse.com/r/fr/fr-rappelconso-animal/2024-01-0106/"
"fr-rappelconso-animal/2024-01-0105","Huiles cbd/chanvre chevaux (Deli Hemp)","fr-rappelconso-animal","FR","listed","1","2026-09-07 08:21:24","https://pawmultiverse.com/r/fr/fr-rappelconso-animal/2024-01-0105/"
"fr-rappelconso-animal/2024-01-0088","Complexe coeur bio (aliment complémentaire pour animaux) (Laboratoire Floralpina)","fr-rappelconso-animal","FR","listed","1","2026-09-07 08:21:24","https://pawmultiverse.com/r/fr/fr-rappelconso-animal/2024-01-0088/"
"fr-rappelconso-animal/2023-12-0242","Huile de cbd (Bubimex)","fr-rappelconso-animal","FR","listed","1","2026-09-07 08:21:24","https://pawmultiverse.com/r/fr/fr-rappelconso-animal/2023-12-0242/"
"fr-rappelconso-animal/2023-10-0175","Poule pondeuse complet regal (Regal)","fr-rappelconso-animal","FR","listed","1","2026-09-07 08:21:24","https://pawmultiverse.com/r/fr/fr-rappelconso-animal/2023-10-0175/"
"fr-rappelconso-animal/2023-10-0177","V.v. pondeuse (Vert Vallon)","fr-rappelconso-animal","FR","listed","1","2026-09-07 08:21:24","https://pawmultiverse.com/r/fr/fr-rappelconso-animal/2023-10-0177/"
"fr-rappelconso-animal/2023-10-0176","Tradiponte perfo initial (Evialis)","fr-rappelconso-animal","FR","listed","1","2026-09-07 08:21:24","https://pawmultiverse.com/r/fr/fr-rappelconso-animal/2023-10-0176/"
"fr-rappelconso-animal/2023-10-0174","Ponte fermiere a5h trace (Alpes Aliments)","fr-rappelconso-animal","FR","listed","1","2026-09-07 08:21:24","https://pawmultiverse.com/r/fr/fr-rappelconso-animal/2023-10-0174/"
"fr-rappelconso-animal/2023-10-0167","Gv pondeuse (Gamm Vert)","fr-rappelconso-animal","FR","listed","1","2026-09-07 08:21:24","https://pawmultiverse.com/r/fr/fr-rappelconso-animal/2023-10-0167/"
"fr-rappelconso-animal/2023-05-0151","Mousse urinary s/o pour chien 410 gr (Royal Canin)","fr-rappelconso-animal","FR","listed","1","2026-09-07 08:21:24","https://pawmultiverse.com/r/fr/fr-rappelconso-animal/2023-05-0151/"
"fr-rappelconso-animal/2023-05-0185","Mousse gi low fat pour chien (Royal Canin)","fr-rappelconso-animal","FR","listed","1","2026-09-07 08:21:24","https://pawmultiverse.com/r/fr/fr-rappelconso-animal/2023-05-0185/"
"fr-rappelconso-animal/2023-04-0176","Aliment pour oiseaux 4 seasons blend 20 kg (Versele Laga)","fr-rappelconso-animal","FR","listed","1","2026-09-07 08:21:24","https://pawmultiverse.com/r/fr/fr-rappelconso-animal/2023-04-0176/"
"fr-rappelconso-animal/2023-04-0024","Phyto membres (Phyto Master)","fr-rappelconso-animal","FR","listed","1","2026-09-07 08:21:24","https://pawmultiverse.com/r/fr/fr-rappelconso-animal/2023-04-0024/"
"fr-rappelconso-animal/2023-04-0023","Phyto mobilite (Phyto Master)","fr-rappelconso-animal","FR","listed","1","2026-09-07 08:21:24","https://pawmultiverse.com/r/fr/fr-rappelconso-animal/2023-04-0023/"
"fr-rappelconso-animal/2023-04-0022","Phyto fourbure (Phyto Master)","fr-rappelconso-animal","FR","listed","1","2026-09-07 08:21:24","https://pawmultiverse.com/r/fr/fr-rappelconso-animal/2023-04-0022/"
"fr-rappelconso-animal/2023-04-0021","Phyto forme (Phyto Master)","fr-rappelconso-animal","FR","listed","1","2026-09-07 08:21:24","https://pawmultiverse.com/r/fr/fr-rappelconso-animal/2023-04-0021/"
"fr-rappelconso-animal/2023-04-0020","Phyto draineur (Phyto Master)","fr-rappelconso-animal","FR","listed","1","2026-09-07 08:21:24","https://pawmultiverse.com/r/fr/fr-rappelconso-animal/2023-04-0020/"
"fr-rappelconso-animal/2023-03-0081","Chrysantellum americanum (Esc Laboratoire)","fr-rappelconso-animal","FR","listed","1","2026-09-07 08:21:24","https://pawmultiverse.com/r/fr/fr-rappelconso-animal/2023-03-0081/"
"fr-rappelconso-animal/2022-09-0266","Belcando rind mit kartoffel &#038; erbsen (Belcando)","fr-rappelconso-animal","FR","listed","1","2026-09-07 08:21:24","https://pawmultiverse.com/r/fr/fr-rappelconso-animal/2022-09-0266/"
"fr-rappelconso-animal/2022-07-0043","Purina® pro plan® original kitten 1 à 12 mois, riche en poulet (Pro Plan®)","fr-rappelconso-animal","FR","listed","1","2026-09-07 08:21:24","https://pawmultiverse.com/r/fr/fr-rappelconso-animal/2022-07-0043/"
"fr-rappelconso-animal/2022-07-0042","Purina® pro plan® sterilised adult 1+, riche en saumon (Pro Plan®)","fr-rappelconso-animal","FR","listed","1","2026-09-07 08:21:24","https://pawmultiverse.com/r/fr/fr-rappelconso-animal/2022-07-0042/"
"fr-rappelconso-animal/2022-07-0040","Purina one® junior de 1 à 12 mois, élaboré avec du poulet sélectionné (Purina One®)","fr-rappelconso-animal","FR","listed","1","2026-09-07 08:21:24","https://pawmultiverse.com/r/fr/fr-rappelconso-animal/2022-07-0040/"
"fr-rappelconso-animal/2022-02-0246","Menu perroquet 800g tyrol 1880 (Tyrol)","fr-rappelconso-animal","FR","listed","1","2026-09-07 08:21:24","https://pawmultiverse.com/r/fr/fr-rappelconso-animal/2022-02-0246/"
"fr-rappelconso-animal/2022-02-0247","Nutri'balance expert canaris et serins 1kg aime (Aime)","fr-rappelconso-animal","FR","listed","1","2026-09-07 08:21:24","https://pawmultiverse.com/r/fr/fr-rappelconso-animal/2022-02-0247/"
"fr-rappelconso-animal/2022-02-0082","Fumachol pilulier de 50 gélules (Fumachol)","fr-rappelconso-animal","FR","listed","1","2026-09-07 08:21:24","https://pawmultiverse.com/r/fr/fr-rappelconso-animal/2022-02-0082/"
"fr-rappelconso-animal/2022-01-0088","Cartimax, gélules (aliment complémentaire pour chats et chiens) (Cartimax)","fr-rappelconso-animal","FR","listed","1","2026-09-07 08:21:24","https://pawmultiverse.com/r/fr/fr-rappelconso-animal/2022-01-0088/"
"fr-rappelconso-animal/2021-12-0332","Poussin démarrage miette","fr-rappelconso-animal","FR","listed","1","2026-09-07 08:21:24","https://pawmultiverse.com/r/fr/fr-rappelconso-animal/2021-12-0332/"
"fr-rappelconso-animal/2021-11-0283","Triticale (Vivagrain)","fr-rappelconso-animal","FR","listed","1","2026-09-07 08:21:24","https://pawmultiverse.com/r/fr/fr-rappelconso-animal/2021-11-0283/"
"fr-rappelconso-animal/2021-09-0292","Complément alimentaire multivitaminé boost cheval et poney (Fouganza)","fr-rappelconso-animal","FR","listed","1","2026-09-07 08:21:24","https://pawmultiverse.com/r/fr/fr-rappelconso-animal/2021-09-0292/"
"fr-rappelconso-animal/2021-09-0290","Complément alimentaire cheval et poney biotine (Fouganza)","fr-rappelconso-animal","FR","listed","1","2026-09-07 08:21:24","https://pawmultiverse.com/r/fr/fr-rappelconso-animal/2021-09-0290/"
"fr-rappelconso-animal/2021-09-0291","Complément alimentaire multivitaminé cheval et poney (Fouganza)","fr-rappelconso-animal","FR","listed","1","2026-09-07 08:21:24","https://pawmultiverse.com/r/fr/fr-rappelconso-animal/2021-09-0291/"
"fr-rappelconso-animal/2021-09-0219","Complément multivitaminé (Fouganza)","fr-rappelconso-animal","FR","listed","1","2026-09-07 08:21:24","https://pawmultiverse.com/r/fr/fr-rappelconso-animal/2021-09-0219/"
"fr-rappelconso-animal/2021-09-0187","Mélange de graines pour perroquets (Hami Form)","fr-rappelconso-animal","FR","listed","1","2026-09-07 08:21:24","https://pawmultiverse.com/r/fr/fr-rappelconso-animal/2021-09-0187/"
"ca-recalls-pet/64441","Primal Patties for Dogs Beef Formula recalled due to Listeria monocytogenes","ca-recalls-pet","CA","listed","1","2026-09-02 11:25:36","https://pawmultiverse.com/r/ca/ca-recalls-pet/64441/"
"ca-recalls-pet/75818","Sunseed and Vitakraft Hedgehog Food recalled due to possible salmonella contamination","ca-recalls-pet","CA","listed","1","2026-09-02 11:25:36","https://pawmultiverse.com/r/ca/ca-recalls-pet/75818/"
"ca-recalls-pet/78293","Expanded Recall: Certain Puppy Love and Puppy World Brand raw Pet Treats recalled due to possible Salmonella contamination","ca-recalls-pet","CA","listed","1","2026-09-02 11:25:36","https://pawmultiverse.com/r/ca/ca-recalls-pet/78293/"
"us-fda-animal-recalls/2026-08-28-bfd33e3d","Northwest Naturals","us-fda-animal-recalls","US","listed","1","2026-09-02 10:43:30","https://pawmultiverse.com/r/us/us-fda-animal-recalls/2026-08-28-bfd33e3d/"
"us-fda-animal-recalls/2026-08-26-3c8e23d9","Revival Animal Health: Shelter’s Choice, Breeder’s Edge","us-fda-animal-recalls","US","listed","1","2026-09-02 10:43:30","https://pawmultiverse.com/r/us/us-fda-animal-recalls/2026-08-26-3c8e23d9/"
"us-fda-animal-recalls/2026-08-21-9cc667fe","Fromm Family Foods LLC: Fromm","us-fda-animal-recalls","US","listed","1","2026-09-02 10:43:30","https://pawmultiverse.com/r/us/us-fda-animal-recalls/2026-08-21-9cc667fe/"
"us-fda-animal-recalls/2026-08-17-a78b312c","Miller Foods, Inc.: Oma’s Pride","us-fda-animal-recalls","US","listed","1","2026-09-02 10:43:30","https://pawmultiverse.com/r/us/us-fda-animal-recalls/2026-08-17-a78b312c/"
"us-fda-animal-recalls/2026-08-03-27147345","American Regent, Inc. Animal Health","us-fda-animal-recalls","US","listed","1","2026-09-02 10:43:30","https://pawmultiverse.com/r/us/us-fda-animal-recalls/2026-08-03-27147345/"
"us-fda-animal-recalls/2025-12-26-4457f2fd","Gold Star Distribution, Inc.: Multiple brand names","us-fda-animal-recalls","US","listed","1","2026-09-02 10:43:30","https://pawmultiverse.com/r/us/us-fda-animal-recalls/2025-12-26-4457f2fd/"
"us-fda-animal-recalls/2025-03-05-618445c2","ADM Animal Nutrition","us-fda-animal-recalls","US","listed","1","2026-09-02 10:43:30","https://pawmultiverse.com/r/us/us-fda-animal-recalls/2025-03-05-618445c2/"
"us-fda-animal-recalls/2022-02-18-98ca07f0","Family Dollar, Inc.: Numerous brand names","us-fda-animal-recalls","US","listed","1","2026-09-02 10:43:30","https://pawmultiverse.com/r/us/us-fda-animal-recalls/2022-02-18-98ca07f0/"
"us-fda-animal-recalls/2024-06-11-b75f7d2b","ADM Animal Nutrition: Grostrong, MoorMan's, MaxLean, Roughage Buster, Pen Pals, Patriot, Goat Power, Juniorglo, Rack Plus, Seniorglo","us-fda-animal-recalls","US","listed","1","2026-09-02 10:43:30","https://pawmultiverse.com/r/us/us-fda-animal-recalls/2024-06-11-b75f7d2b/"
"us-fda-animal-recalls/2026-07-02-a21d158b","Mars Petcare US, Inc.: Pedigree","us-fda-animal-recalls","US","listed","1","2026-09-02 10:43:30","https://pawmultiverse.com/r/us/us-fda-animal-recalls/2026-07-02-a21d158b/"
"us-fda-animal-recalls/2026-04-17-9546de7b","Revival Animal Health: Breeder’s Edge, Shelter’s Choice","us-fda-animal-recalls","US","listed","1","2026-09-02 10:43:30","https://pawmultiverse.com/r/us/us-fda-animal-recalls/2026-04-17-9546de7b/"
"us-fda-animal-recalls/2026-02-17-30d03a74","Go Raw LLC: Quest","us-fda-animal-recalls","US","listed","1","2026-09-02 10:43:30","https://pawmultiverse.com/r/us/us-fda-animal-recalls/2026-02-17-30d03a74/"
"us-fda-animal-recalls/2026-06-08-2e629398","Go Raw, LLC.: Steve’s Real Food","us-fda-animal-recalls","US","listed","1","2026-09-02 10:43:30","https://pawmultiverse.com/r/us/us-fda-animal-recalls/2026-06-08-2e629398/"
"us-fda-animal-recalls/2026-06-25-9546de7b","Revival Animal Health: Breeder’s Edge, Shelter’s Choice","us-fda-animal-recalls","US","listed","1","2026-09-02 10:43:30","https://pawmultiverse.com/r/us/us-fda-animal-recalls/2026-06-25-9546de7b/"
"us-fda-animal-recalls/2026-05-07-463bf20f","Albright’s Raw Pet Food: Albright’s","us-fda-animal-recalls","US","listed","1","2026-09-02 10:43:30","https://pawmultiverse.com/r/us/us-fda-animal-recalls/2026-05-07-463bf20f/"
"us-fda-animal-recalls/2025-10-03-07436b2a","Best Buy Bones, Inc.: Nature’s Own","us-fda-animal-recalls","US","listed","1","2026-09-02 10:43:30","https://pawmultiverse.com/r/us/us-fda-animal-recalls/2025-10-03-07436b2a/"
"us-fda-animal-recalls/2025-12-10-5a6d23d7","Cargill Animal Nutrition &#038; Health: Nutrena® Country Feeds®","us-fda-animal-recalls","US","listed","1","2026-09-02 10:43:30","https://pawmultiverse.com/r/us/us-fda-animal-recalls/2025-12-10-5a6d23d7/"
"us-fda-animal-recalls/2026-05-22-f7c8bcd5","Raaw Energy","us-fda-animal-recalls","US","listed","1","2026-09-02 10:43:30","https://pawmultiverse.com/r/us/us-fda-animal-recalls/2026-05-22-f7c8bcd5/"
"us-fda-animal-recalls/2026-02-24-697b495f","Elite Treats, LLC.: Elite Treats","us-fda-animal-recalls","US","listed","1","2026-09-02 10:43:30","https://pawmultiverse.com/r/us/us-fda-animal-recalls/2026-02-24-697b495f/"
"us-fda-animal-recalls/2025-12-03-54fcc756","Fromm Family Foods: Bonnihill Farms","us-fda-animal-recalls","US","listed","1","2026-09-02 10:43:30","https://pawmultiverse.com/r/us/us-fda-animal-recalls/2025-12-03-54fcc756/"
"us-fda-animal-recalls/2025-12-24-1e4dac4e","Consumers Supply Distributing, LLC: Country Vet, Heartland Harvest","us-fda-animal-recalls","US","listed","1","2026-09-02 10:43:30","https://pawmultiverse.com/r/us/us-fda-animal-recalls/2025-12-24-1e4dac4e/"
"us-fda-animal-recalls/2026-01-29-3ee8ea80","Neogen Corporation: Neogen","us-fda-animal-recalls","US","listed","1","2026-09-02 10:43:30","https://pawmultiverse.com/r/us/us-fda-animal-recalls/2026-01-29-3ee8ea80/"
"us-fda-animal-recalls/2026-02-26-5df86200","Go Raw LLC.: Quest","us-fda-animal-recalls","US","listed","1","2026-09-02 10:43:30","https://pawmultiverse.com/r/us/us-fda-animal-recalls/2026-02-26-5df86200/"
"us-fda-animal-recalls/2025-12-02-e4074bdf","Vetoquinol USA: Vetoquinol","us-fda-animal-recalls","US","listed","1","2026-09-02 10:43:30","https://pawmultiverse.com/r/us/us-fda-animal-recalls/2025-12-02-e4074bdf/"
"us-fda-animal-recalls/2025-08-25-145e80f5","Viva Raw LLC.: Viva","us-fda-animal-recalls","US","listed","1","2026-09-02 10:43:30","https://pawmultiverse.com/r/us/us-fda-animal-recalls/2025-08-25-145e80f5/"
"us-fda-animal-recalls/2025-10-09-b12ff005","Foodynamics","us-fda-animal-recalls","US","listed","1","2026-09-02 10:43:30","https://pawmultiverse.com/r/us/us-fda-animal-recalls/2025-10-09-b12ff005/"
"us-fda-animal-recalls/2025-10-10-c546d43e","Raw Bistro Pet Fare: Raw Bistro","us-fda-animal-recalls","US","listed","1","2026-09-02 10:43:30","https://pawmultiverse.com/r/us/us-fda-animal-recalls/2025-10-10-c546d43e/"
"us-fda-animal-recalls/2025-04-24-49496fdb","Cronus Pharma LLC: Dexased™ and Dexmedvet™","us-fda-animal-recalls","US","listed","1","2026-09-02 10:43:30","https://pawmultiverse.com/r/us/us-fda-animal-recalls/2025-04-24-49496fdb/"
"us-fda-animal-recalls/2025-04-11-74a212fa","Blue Ridge Beef","us-fda-animal-recalls","US","listed","1","2026-09-02 10:43:30","https://pawmultiverse.com/r/us/us-fda-animal-recalls/2025-04-11-74a212fa/"
"us-fda-animal-recalls/2025-03-15-e99c831c","Savage Pet","us-fda-animal-recalls","US","listed","1","2026-09-02 10:43:30","https://pawmultiverse.com/r/us/us-fda-animal-recalls/2025-03-15-e99c831c/"
"us-fda-animal-recalls/2023-03-20-dd908ced","Kaytee Products Inc.: Kaytee","us-fda-animal-recalls","US","listed","1","2026-09-02 10:43:30","https://pawmultiverse.com/r/us/us-fda-animal-recalls/2023-03-20-dd908ced/"
"us-fda-animal-recalls/2025-07-09-2c0f99fd","CHS, Inc.: Payback®","us-fda-animal-recalls","US","listed","1","2026-09-02 10:43:30","https://pawmultiverse.com/r/us/us-fda-animal-recalls/2025-07-09-2c0f99fd/"
"us-fda-animal-recalls/2024-05-18-03551ab2","Mars Petcare US, Inc.: Pedigree","us-fda-animal-recalls","US","listed","1","2026-09-02 10:43:30","https://pawmultiverse.com/r/us/us-fda-animal-recalls/2024-05-18-03551ab2/"
"us-fda-animal-recalls/2024-06-21-460871cb","TDBBS LLC: BARKWORTHIES and BEST BULLY STICKS","us-fda-animal-recalls","US","listed","1","2026-09-02 10:43:30","https://pawmultiverse.com/r/us/us-fda-animal-recalls/2024-06-21-460871cb/"
"us-fda-animal-recalls/2023-02-23-1dd1e55c","Bindle Bottle LLC","us-fda-animal-recalls","US","listed","1","2026-09-02 10:43:30","https://pawmultiverse.com/r/us/us-fda-animal-recalls/2023-02-23-1dd1e55c/"
"us-fda-animal-recalls/2025-01-31-c436cf16","Blue Ridge Beef","us-fda-animal-recalls","US","listed","1","2026-09-02 10:43:30","https://pawmultiverse.com/r/us/us-fda-animal-recalls/2025-01-31-c436cf16/"
"us-fda-animal-recalls/2025-03-05-2489a8f3","Nova-Tech, Inc.: Nova-Tech","us-fda-animal-recalls","US","listed","1","2026-09-02 10:43:30","https://pawmultiverse.com/r/us/us-fda-animal-recalls/2025-03-05-2489a8f3/"
"us-fda-animal-recalls/2025-03-01-1611e966","Wild Coast LLC dba Wild Coast Raw: Wild Coast Raw","us-fda-animal-recalls","US","listed","1","2026-09-02 10:43:30","https://pawmultiverse.com/r/us/us-fda-animal-recalls/2025-03-01-1611e966/"
"us-fda-animal-recalls/2025-01-03-8ed25e79","Blue Ridge Beef","us-fda-animal-recalls","US","listed","1","2026-09-02 10:43:30","https://pawmultiverse.com/r/us/us-fda-animal-recalls/2025-01-03-8ed25e79/"
"us-fda-animal-recalls/2024-11-22-e66a9ee6","Gaines Pet Treats LLC: Gaines Family Farmstead","us-fda-animal-recalls","US","listed","1","2026-09-02 10:43:30","https://pawmultiverse.com/r/us/us-fda-animal-recalls/2024-11-22-e66a9ee6/"
"us-fda-animal-recalls/2024-11-23-f36d8875","Carolina Prime Pet: Hollywood Feed","us-fda-animal-recalls","US","listed","1","2026-09-02 10:43:30","https://pawmultiverse.com/r/us/us-fda-animal-recalls/2024-11-23-f36d8875/"
"us-fda-animal-recalls/2024-12-04-9a52da74","Blue Ridge Beef","us-fda-animal-recalls","US","listed","1","2026-09-02 10:43:30","https://pawmultiverse.com/r/us/us-fda-animal-recalls/2024-12-04-9a52da74/"
"us-fda-animal-recalls/2024-04-13-a57a3dcc","Cargill: Nutrena Country Feeds","us-fda-animal-recalls","US","listed","1","2026-09-02 10:43:30","https://pawmultiverse.com/r/us/us-fda-animal-recalls/2024-04-13-a57a3dcc/"
"us-fda-animal-recalls/2024-09-23-1c6a1d30","Lystn, LLC. d.b.a. ANSWERS: ANSWERS","us-fda-animal-recalls","US","listed","1","2026-09-02 10:43:30","https://pawmultiverse.com/r/us/us-fda-animal-recalls/2024-09-23-1c6a1d30/"
"us-fda-animal-recalls/2019-05-21-4d7494bd","Hill’s Pet Nutrition: Hill’s","us-fda-animal-recalls","US","listed","1","2026-09-02 10:43:30","https://pawmultiverse.com/r/us/us-fda-animal-recalls/2019-05-21-4d7494bd/"
"us-fda-animal-recalls/2019-07-03-0216cc9d","Pet Supplies Plus: PSP","us-fda-animal-recalls","US","listed","1","2026-09-02 10:43:30","https://pawmultiverse.com/r/us/us-fda-animal-recalls/2019-07-03-0216cc9d/"
"us-fda-animal-recalls/2023-09-01-5a1ef76e","Merck Animal Health","us-fda-animal-recalls","US","listed","1","2026-09-02 10:43:30","https://pawmultiverse.com/r/us/us-fda-animal-recalls/2023-09-01-5a1ef76e/"
"us-fda-animal-recalls/2019-08-15-81c47fec","Texas Tripe Inc.: Texas Tripe","us-fda-animal-recalls","US","listed","1","2026-09-02 10:43:30","https://pawmultiverse.com/r/us/us-fda-animal-recalls/2019-08-15-81c47fec/"
"us-fda-animal-recalls/2019-08-16-fb555161","Dog Goods USA LLC: Chef Toby","us-fda-animal-recalls","US","listed","1","2026-09-02 10:43:30","https://pawmultiverse.com/r/us/us-fda-animal-recalls/2019-08-16-fb555161/"
"us-fda-animal-recalls/2019-01-31-6befef1d","Hill's Pet Nutrition: Hill's Science Diet","us-fda-animal-recalls","US","listed","1","2026-09-02 10:43:30","https://pawmultiverse.com/r/us/us-fda-animal-recalls/2019-01-31-6befef1d/"
"us-fda-animal-recalls/2024-07-01-9e690aa6","Vitakraft Sun Seed Inc.: Sunseed Vita Prima","us-fda-animal-recalls","US","listed","1","2026-09-02 10:43:30","https://pawmultiverse.com/r/us/us-fda-animal-recalls/2024-07-01-9e690aa6/"
"us-fda-animal-recalls/2024-06-22-9e690aa6","Vitakraft Sun Seed Inc.: Sunseed Vita Prima","us-fda-animal-recalls","US","listed","1","2026-09-02 10:43:30","https://pawmultiverse.com/r/us/us-fda-animal-recalls/2024-06-22-9e690aa6/"
"us-fda-animal-recalls/2024-05-29-7eae4eec","Sagent Pharmaceuticals: Sagent","us-fda-animal-recalls","US","listed","1","2026-09-02 10:43:30","https://pawmultiverse.com/r/us/us-fda-animal-recalls/2024-05-29-7eae4eec/"
"us-fda-animal-recalls/2024-05-22-c853121b","Hospira Inc.: Hospira","us-fda-animal-recalls","US","listed","1","2026-09-02 10:43:30","https://pawmultiverse.com/r/us/us-fda-animal-recalls/2024-05-22-c853121b/"
"us-fda-animal-recalls/2024-04-11-2945753e","ADM Animal Nutrition: Pen Pals, MaxLean, ShowTec,  MoorMan's","us-fda-animal-recalls","US","listed","1","2026-09-02 10:43:30","https://pawmultiverse.com/r/us/us-fda-animal-recalls/2024-04-11-2945753e/"
"us-fda-animal-recalls/2024-04-01-2577f7e9","ADM Animal Nutrition: Multiple Brand Names","us-fda-animal-recalls","US","listed","1","2026-09-02 10:43:30","https://pawmultiverse.com/r/us/us-fda-animal-recalls/2024-04-01-2577f7e9/"
"us-fda-animal-recalls/2024-07-01-418c5c71","Viva Raw, LLC: Viva","us-fda-animal-recalls","US","listed","1","2026-09-02 10:43:30","https://pawmultiverse.com/r/us/us-fda-animal-recalls/2024-07-01-418c5c71/"
"us-fda-animal-recalls/2023-08-01-1a0fbba5","Ozona Organics, LLC: Ozona, Go Healthy","us-fda-animal-recalls","US","listed","1","2026-09-02 10:43:30","https://pawmultiverse.com/r/us/us-fda-animal-recalls/2023-08-01-1a0fbba5/"
"us-fda-animal-recalls/2024-01-05-40cc7c57","D&#038;D Commodities, Ltd.: 3-D Pet Products","us-fda-animal-recalls","US","listed","1","2026-09-02 10:43:30","https://pawmultiverse.com/r/us/us-fda-animal-recalls/2024-01-05-40cc7c57/"
"us-fda-animal-recalls/2024-01-03-75d9165e","Blue Ridge Beef","us-fda-animal-recalls","US","listed","1","2026-09-02 10:43:30","https://pawmultiverse.com/r/us/us-fda-animal-recalls/2024-01-03-75d9165e/"
"us-fda-animal-recalls/2025-04-02-31572b3a","Supercan Bulk: Supercan","us-fda-animal-recalls","US","listed","1","2026-09-02 10:43:30","https://pawmultiverse.com/r/us/us-fda-animal-recalls/2025-04-02-31572b3a/"
"us-fda-animal-recalls/2025-05-23-72ec22f6","Spectrum Brands Pet LLC: Tetra","us-fda-animal-recalls","US","listed","1","2026-09-02 10:43:30","https://pawmultiverse.com/r/us/us-fda-animal-recalls/2025-05-23-72ec22f6/"
"us-fda-pet-food-recalls/F-1754-2019","C &#038; S Wholesale Grocers, Inc.: FRESHPET SELECT GRAIN FREE SMALL - REFRIGERATED DOG FOOD - 1LB, UPC: 2797501204","us-fda-pet-food-recalls","US","listed","1","2026-09-02 09:47:08","https://pawmultiverse.com/r/us/us-fda-pet-food-recalls/F-1754-2019/"
"us-fda-pet-food-recalls/F-1806-2016","CRF Frozen Foods, LLC: Diced Carrots, Brand Northwest Growers Select, Net Wt 20 lb, UPC 20100 Organic Diced Carrots, Brand Northwest Growers...","us-fda-pet-food-recalls","US","listed","1","2026-09-02 09:47:08","https://pawmultiverse.com/r/us/us-fda-pet-food-recalls/F-1806-2016/"
"us-fda-pet-food-recalls/F-1753-2019","C &#038; S Wholesale Grocers, Inc.: FRESHPET SELECT FRESH FROM THE KITCHEN - REFRIGERATED DOG FOOD - 1.75LB, UPC:2797501110","us-fda-pet-food-recalls","US","listed","1","2026-09-02 09:47:08","https://pawmultiverse.com/r/us/us-fda-pet-food-recalls/F-1753-2019/"
"uk-fsa-pet-alerts/FSA-PRIN-71-2018","Avondale Pet Foods Ltd recalls Just Natural Chicken &#038; Tripe because salmonella has been found in the product","uk-fsa-pet-alerts","GB","listed","1","2026-09-01 09:51:10","https://pawmultiverse.com/r/gb/uk-fsa-pet-alerts/FSA-PRIN-71-2018/"
"uk-fsa-pet-alerts/FSA-PRIN-65-2018","Natural Instinct recalls Wild Venison (Natural Cat Food) as some of the ingredients were not inspected in line with EU requirements","uk-fsa-pet-alerts","GB","listed","1","2026-09-01 09:51:10","https://pawmultiverse.com/r/gb/uk-fsa-pet-alerts/FSA-PRIN-65-2018/"
"uk-fsa-pet-alerts/FSA-PRIN-57-2020","Happy Hounds Wales Ltd recalls frozen raw dog food products because of the possible presence of salmonella","uk-fsa-pet-alerts","GB","listed","1","2026-09-01 09:51:10","https://pawmultiverse.com/r/gb/uk-fsa-pet-alerts/FSA-PRIN-57-2020/"
"uk-fsa-pet-alerts/FSA-PRIN-57-2018","The Raw Factory recalls various raw pet food products containing tripe and/or pork as they contain salmonella","uk-fsa-pet-alerts","GB","listed","1","2026-09-01 09:51:10","https://pawmultiverse.com/r/gb/uk-fsa-pet-alerts/FSA-PRIN-57-2018/"
"uk-fsa-pet-alerts/FSA-PRIN-44-2025","Rhondda Raw recalls Beef 80/10/10 Raw Frozen Dog Food because of contamination with Salmonella","uk-fsa-pet-alerts","GB","listed","1","2026-09-01 09:51:10","https://pawmultiverse.com/r/gb/uk-fsa-pet-alerts/FSA-PRIN-44-2025/"
"uk-fsa-pet-alerts/FSA-PRIN-44-2022","Encore recalls Beef Selection in Gravy multipack dog food because packs may contain small pieces of metal","uk-fsa-pet-alerts","GB","listed","1","2026-09-01 09:51:10","https://pawmultiverse.com/r/gb/uk-fsa-pet-alerts/FSA-PRIN-44-2022/"
"uk-fsa-pet-alerts/FSA-PRIN-39-2021","Natural Instinct recalls several products containing duck because salmonella has been found in the products","uk-fsa-pet-alerts","GB","listed","1","2026-09-01 09:51:10","https://pawmultiverse.com/r/gb/uk-fsa-pet-alerts/FSA-PRIN-39-2021/"
"uk-fsa-pet-alerts/FSA-PRIN-39-2019","Raw Treat Pet Food Ltd recalls varieties of frozen raw beef pet food due to the presence of salmonella","uk-fsa-pet-alerts","GB","listed","1","2026-09-01 09:51:10","https://pawmultiverse.com/r/gb/uk-fsa-pet-alerts/FSA-PRIN-39-2019/"
"uk-fsa-pet-alerts/FSA-PRIN-38-2019","Raw Treat Pet Food Ltd recalls Varieties of Frozen Raw Pet Food due to the presence of Salmonella","uk-fsa-pet-alerts","GB","listed","1","2026-09-01 09:51:10","https://pawmultiverse.com/r/gb/uk-fsa-pet-alerts/FSA-PRIN-38-2019/"
"uk-fsa-pet-alerts/FSA-PRIN-37-2021","Happy Hounds Wales Ltd recalls frozen raw dog food products due to the presence of salmonella","uk-fsa-pet-alerts","GB","listed","1","2026-09-01 09:51:10","https://pawmultiverse.com/r/gb/uk-fsa-pet-alerts/FSA-PRIN-37-2021/"
"uk-fsa-pet-alerts/FSA-PRIN-36-2021-update-1","Update 1: Fold Hill Foods recall several cat food products because of safety concerns","uk-fsa-pet-alerts","GB","listed","1","2026-09-01 09:51:10","https://pawmultiverse.com/r/gb/uk-fsa-pet-alerts/FSA-PRIN-36-2021-update-1/"
"uk-fsa-pet-alerts/FSA-PRIN-36-2021","Fold Hill Foods recall several cat food products because of safety concerns","uk-fsa-pet-alerts","GB","listed","1","2026-09-01 09:51:10","https://pawmultiverse.com/r/gb/uk-fsa-pet-alerts/FSA-PRIN-36-2021/"
"uk-fsa-pet-alerts/FSA-PRIN-36-2019","Raw Treat Pet Food Ltd recalls Frozen Raw Beef, Chicken, Lamb, and Chicken &#038; Tripe Pet Food due to the presence of Listeria monocytogenes","uk-fsa-pet-alerts","GB","listed","1","2026-09-01 09:51:10","https://pawmultiverse.com/r/gb/uk-fsa-pet-alerts/FSA-PRIN-36-2019/"
"uk-fsa-pet-alerts/FSA-PRIN-31-2020","Benyfit Natural Pet Food recalls various brands of raw dog food products containing beef due to the possible presence of salmonella","uk-fsa-pet-alerts","GB","listed","1","2026-09-01 09:51:10","https://pawmultiverse.com/r/gb/uk-fsa-pet-alerts/FSA-PRIN-31-2020/"
"uk-fsa-pet-alerts/FSA-PRIN-29-2019","Homeland By Products Ltd recalls Frozen Raw Beef, Tripe and Turkey Pet Food due to the presence of salmonella","uk-fsa-pet-alerts","GB","listed","1","2026-09-01 09:51:10","https://pawmultiverse.com/r/gb/uk-fsa-pet-alerts/FSA-PRIN-29-2019/"
"uk-fsa-pet-alerts/FSA-PRIN-25-2018","Sainsbury’s recalls a range of its pet food pouch selections due to high levels of Vitamin D","uk-fsa-pet-alerts","GB","listed","1","2026-09-01 09:51:10","https://pawmultiverse.com/r/gb/uk-fsa-pet-alerts/FSA-PRIN-25-2018/"
"uk-fsa-pet-alerts/FSA-PRIN-21-2019","Birmingham Halal Abattoir (UK 4496) recalls meat and pet food products because they may be unsafe","uk-fsa-pet-alerts","GB","listed","1","2026-09-01 09:51:10","https://pawmultiverse.com/r/gb/uk-fsa-pet-alerts/FSA-PRIN-21-2019/"
"uk-fsa-pet-alerts/FSA-PRIN-09-2022","Dogs Choice UK recalls frozen raw dog foods because of the presence of Salmonella","uk-fsa-pet-alerts","GB","listed","1","2026-09-01 09:51:10","https://pawmultiverse.com/r/gb/uk-fsa-pet-alerts/FSA-PRIN-09-2022/"
"uk-fsa-pet-alerts/FSA-PRIN-06-2020","Happy Hounds is recalling a range of its frozen raw dog food products because they may pose a risk to health","uk-fsa-pet-alerts","GB","listed","1","2026-09-01 09:51:10","https://pawmultiverse.com/r/gb/uk-fsa-pet-alerts/FSA-PRIN-06-2020/"
"uk-fsa-pet-alerts/FSA-PRIN-04-2021","Mars Petcare UK recalls a range of dog food products because of high levels of Vitamin D","uk-fsa-pet-alerts","GB","listed","1","2026-09-01 09:51:10","https://pawmultiverse.com/r/gb/uk-fsa-pet-alerts/FSA-PRIN-04-2021/"
"uk-fsa-pet-alerts/FSA-PRIN-03-2019-update-1","Hill’s Pet Nutrition extends its recall of selected canned dog food because it may contain high levels of vitamin D","uk-fsa-pet-alerts","GB","listed","1","2026-09-01 09:51:10","https://pawmultiverse.com/r/gb/uk-fsa-pet-alerts/FSA-PRIN-03-2019-update-1/"
"uk-fsa-pet-alerts/FSA-PRIN-03-2019","Hill’s Pet Nutrition recalls a range of its selected dog food because it may contain high levels of Vitamin D","uk-fsa-pet-alerts","GB","listed","1","2026-09-01 09:51:10","https://pawmultiverse.com/r/gb/uk-fsa-pet-alerts/FSA-PRIN-03-2019/"
"uk-fsa-pet-alerts/FSA-PRIN-01-2020","Happy Hounds recalls frozen raw dog food products due to the presence of salmonella","uk-fsa-pet-alerts","GB","listed","1","2026-09-01 09:51:10","https://pawmultiverse.com/r/gb/uk-fsa-pet-alerts/FSA-PRIN-01-2020/"
